"","GSM_IDs","GSE_ID","title","phenotype"
"GSM101096...1","GSM101096","GSE11784","small airways, non-smoker 004, RMA and MAS","Healthy Non-Smoker"
"GSM101097...2","GSM101097","GSE11784","small airways, non-smoker 002, RMA and MAS","Healthy Non-Smoker"
"GSM101098...3","GSM101098","GSE11784","small airways, non-smoker 003, RMA and MAS","Healthy Non-Smoker"
"GSM101100...4","GSM101100","GSE11784","small airways, non-smoker 006, RMA and MAS","Healthy Non-Smoker"
"GSM101101...5","GSM101101","GSE11784","small airways, non-smoker 021, RMA and MAS","Healthy Non-Smoker"
"GSM101102...6","GSM101102","GSE11784","small airways, non-smoker 019, RMA and MAS","Healthy Non-Smoker"
"GSM101103...7","GSM101103","GSE11784","small airways, non-smoker 014, RMA and MAS","Healthy Non-Smoker"
"GSM101104...8","GSM101104","GSE11784","small airways, non-smoker 008, RMA and MAS","Healthy Non-Smoker"
"GSM101105...9","GSM101105","GSE11784","small airways, non-smoker 015, RMA and MAS","Healthy Non-Smoker"
"GSM101106...10","GSM101106","GSE11784","small airways, non-smoker 005, RMA and MAS","Healthy Non-Smoker"
"GSM101107","GSM101107","GSE11784","small airways, smoker 002, RMA and MAS","Smoker"
"GSM101111...12","GSM101111","GSE11784","small airways, smoker 001, RMA and MAS","Smoker"
"GSM101113...13","GSM101113","GSE11784","small airways, smoker 048, RMA and MAS","Smoker"
"GSM101114...14","GSM101114","GSE11784","small airways, smoker 041, RMA and MAS","Smoker"
"GSM101115...15","GSM101115","GSE11784","small airways, smoker 044, RMA and MAS","Smoker"
"GSM101116...16","GSM101116","GSE11784","small airways, smoker 049, RMA and MAS","Smoker"
"GSM114089...17","GSM114089","GSE11784","small airways, smoker 058, MAS5","Smoker"
"GSM114090...18","GSM114090","GSE11784","small airways, smoker 063, MAS5","Smoker"
"GSM114093","GSM114093","GSE11784","small airways, COPD 012, MAS5","Smoker with COPD"
"GSM190149...20","GSM190149","GSE11784","Small airways, non-smoker 011","Healthy Non-Smoker"
"GSM190150...21","GSM190150","GSE11784","Small airways, non-smoker 029","Healthy Non-Smoker"
"GSM190151...22","GSM190151","GSE11784","small airways, non-smoker 034","Healthy Non-Smoker"
"GSM190153...23","GSM190153","GSE11784","Small airways, non-smoker 036","Healthy Non-Smoker"
"GSM190154","GSM190154","GSE11784","Small airways, non-smoker 040","Healthy Non-Smoker"
"GSM190155...25","GSM190155","GSE11784","Small airways, non-smoker 042","Healthy Non-Smoker"
"GSM190156...26","GSM190156","GSE11784","small airways, non-smoker 044","Healthy Non-Smoker"
"GSM252828","GSM252828","GSE11784","small airways, COPD 008","Smoker with COPD"
"GSM252830...28","GSM252830","GSE11784","small airways, COPD 014","Smoker with COPD"
"GSM252831","GSM252831","GSE11784","small airways, COPD 015","Smoker with COPD"
"GSM252833...30","GSM252833","GSE11784","small airways, COPD 036","Smoker with COPD"
"GSM252835...31","GSM252835","GSE11784","small airways, COPD 046","Smoker with COPD"
"GSM252836...32","GSM252836","GSE11784","small airways, COPD 059","Smoker with COPD"
"GSM252837...33","GSM252837","GSE11784","small airways, COPD 068","Smoker with COPD"
"GSM252838...34","GSM252838","GSE11784","small airways, COPD 074","Smoker with COPD"
"GSM252839...35","GSM252839","GSE11784","small airways, COPD 080","Smoker with COPD"
"GSM252841...36","GSM252841","GSE11784","small airways, COPD 103","Smoker with COPD"
"GSM252855","GSM252855","GSE11784","small airways, non-smoker 001","Healthy Non-Smoker"
"GSM252867","GSM252867","GSE11784","small airways, non-smoker 035","Healthy Non-Smoker"
"GSM252871...39","GSM252871","GSE11784","small airways, smoker 040","Smoker"
"GSM252876...40","GSM252876","GSE11784","small airways, smoker 057","Smoker"
"GSM252879...41","GSM252879","GSE11784","small airways, smoker 074","Smoker"
"GSM252880...42","GSM252880","GSE11784","small airways, smoker 093","Smoker"
"GSM252881...43","GSM252881","GSE11784","small airways, smoker 094","Smoker"
"GSM252882...44","GSM252882","GSE11784","small airways, smoker 095","Smoker"
"GSM252884...45","GSM252884","GSE11784","small airways, smoker 098","Smoker"
"GSM252885...46","GSM252885","GSE11784","small airways, smoker 103","Smoker"
"GSM254149...47","GSM254149","GSE11784","small airways, non-smoker 045","Healthy Non-Smoker"
"GSM254150...48","GSM254150","GSE11784","small airways, non-smoker 059","Healthy Non-Smoker"
"GSM254151...49","GSM254151","GSE11784","small airways, non-smoker 071","Healthy Non-Smoker"
"GSM254152...50","GSM254152","GSE11784","small airways, non-smoker 078","Healthy Non-Smoker"
"GSM254157...51","GSM254157","GSE11784","small airways, smoker 112","Smoker"
"GSM254158...52","GSM254158","GSE11784","small airways, smoker 114","Smoker"
"GSM254159...53","GSM254159","GSE11784","small airways, smoker 119","Smoker"
"GSM254160...54","GSM254160","GSE11784","small airways, smoker 152","Smoker"
"GSM254161...55","GSM254161","GSE11784","small airways, smoker 169","Smoker"
"GSM254163...56","GSM254163","GSE11784","small airways, COPD 024","Smoker with COPD"
"GSM254169...57","GSM254169","GSE11784","small airways, COPD 093","Smoker with COPD"
"GSM254172...58","GSM254172","GSE11784","small airways, COPD 110","Smoker with COPD"
"GSM254173...59","GSM254173","GSE11784","small airways, COPD 114","Smoker with COPD"
"GSM254174...60","GSM254174","GSE11784","small airways, COPD 119","Smoker with COPD"
"GSM254175...61","GSM254175","GSE11784","small airways, COPD 122","Smoker with COPD"
"GSM254176...62","GSM254176","GSE11784","small airways, COPD 134","Smoker with COPD"
"GSM298219...63","GSM298219","GSE11784","small airways, non-smoker 039","Healthy Non-Smoker"
"GSM298220...64","GSM298220","GSE11784","small airways, non-smoker 046","Healthy Non-Smoker"
"GSM298221...65","GSM298221","GSE11784","small airways, non-smoker 047","Healthy Non-Smoker"
"GSM298222...66","GSM298222","GSE11784","small airways, non-smoker 048","Healthy Non-Smoker"
"GSM298223...67","GSM298223","GSE11784","small airways, non-smoker 050","Healthy Non-Smoker"
"GSM298224...68","GSM298224","GSE11784","small airways, non-smoker 055","Healthy Non-Smoker"
"GSM298225...69","GSM298225","GSE11784","small airways, non-smoker 065","Healthy Non-Smoker"
"GSM298226...70","GSM298226","GSE11784","small airways, non-smoker 072","Healthy Non-Smoker"
"GSM298227...71","GSM298227","GSE11784","small airways, non-smoker 076","Healthy Non-Smoker"
"GSM298228...72","GSM298228","GSE11784","small airways, non-smoker 080","Healthy Non-Smoker"
"GSM298229...73","GSM298229","GSE11784","small airways, non-smoker 083","Healthy Non-Smoker"
"GSM298230...74","GSM298230","GSE11784","small airways, smoker 087","Smoker"
"GSM298231...75","GSM298231","GSE11784","small airways, smoker 102","Smoker"
"GSM298232...76","GSM298232","GSE11784","small airways, smoker 120","Smoker"
"GSM298233...77","GSM298233","GSE11784","small airways, smoker 122","Smoker"
"GSM298234...78","GSM298234","GSE11784","small airways, smoker 123","Smoker"
"GSM298235...79","GSM298235","GSE11784","small airways, smoker 125","Smoker"
"GSM298236...80","GSM298236","GSE11784","small airways, smoker 129","Smoker"
"GSM298237...81","GSM298237","GSE11784","small airways, smoker 130","Smoker"
"GSM298238...82","GSM298238","GSE11784","small airways, smoker 134","Smoker"
"GSM298239...83","GSM298239","GSE11784","small airways, smoker 136","Smoker"
"GSM298240...84","GSM298240","GSE11784","small airways, smoker 141","Smoker"
"GSM298241...85","GSM298241","GSE11784","small airways, smoker 155","Smoker"
"GSM298242...86","GSM298242","GSE11784","small airways, smoker 159","Smoker"
"GSM298243...87","GSM298243","GSE11784","small airways, smoker 161","Smoker"
"GSM298244...88","GSM298244","GSE11784","small airways, smoker 164","Smoker"
"GSM298245...89","GSM298245","GSE11784","small airways, smoker 167","Smoker"
"GSM298246...90","GSM298246","GSE11784","small airways, smoker 176","Smoker"
"GSM298247...91","GSM298247","GSE11784","small airways, smoker 177","Smoker"
"GSM300859...92","GSM300859","GSE11784","small airways, non-smoker 085","Healthy Non-Smoker"
"GSM302396","GSM302396","GSE11784","small airways, non-smoker 022","Healthy Non-Smoker"
"GSM302397","GSM302397","GSE11784","small airways, non-smoker 066","Healthy Non-Smoker"
"GSM302399","GSM302399","GSE11784","small airways, smoker 195","Smoker"
"GSM350871","GSM350871","GSE11784","small airways, non-smoker 094","Healthy Non-Smoker"
"GSM350873","GSM350873","GSE11784","small airways, non-smoker 103","Healthy Non-Smoker"
"GSM350874","GSM350874","GSE11784","small airways, smoker 188","Smoker"
"GSM350955","GSM350955","GSE11784","small airways, non-smoker 110","Healthy Non-Smoker"
"GSM350956","GSM350956","GSE11784","small airways, non-smoker 118","Healthy Non-Smoker"
"GSM350957","GSM350957","GSE11784","small airways, smoker 208","Smoker"
"GSM350958","GSM350958","GSE11784","small airways, smoker 246","Smoker"
"GSM364038","GSM364038","GSE11784","small airways, COPD 136","Smoker with COPD"
"GSM364041","GSM364041","GSE11784","small airways, COPD 162","Smoker with COPD"
"GSM364045","GSM364045","GSE11784","small airways, COPD 176","Smoker with COPD"
"GSM364046","GSM364046","GSE11784","small airways, smoker 226","Smoker"
"GSM364048","GSM364048","GSE11784","small airways, smoker 240","Smoker"
"GSM410161","GSM410161","GSE11784","small airways, non-smoker 124","Healthy Non-Smoker"
"GSM410162","GSM410162","GSE11784","small airways, non-smoker 138","Healthy Non-Smoker"
"GSM410163","GSM410163","GSE11784","small airways, non-smoker 141","Healthy Non-Smoker"
"GSM410164","GSM410164","GSE11784","small airways, smoker 241","Smoker"
"GSM410165","GSM410165","GSE11784","small airways, smoker 264","Smoker"
"GSM434049","GSM434049","GSE11784","small airways, non-smoker 109","Healthy Non-Smoker"
"GSM434050","GSM434050","GSE11784","small airways, non-smoker 119","Healthy Non-Smoker"
"GSM434051","GSM434051","GSE11784","small airways, non-smoker 128","Healthy Non-Smoker"
"GSM434052","GSM434052","GSE11784","small airways, non-smoker 137","Healthy Non-Smoker"
"GSM434053","GSM434053","GSE11784","small airways, smoker 216","Smoker"
"GSM434054","GSM434054","GSE11784","small airways, smoker 229","Smoker"
"GSM434055","GSM434055","GSE11784","small airways, smoker 247","Smoker"
"GSM434056","GSM434056","GSE11784","small airways, smoker 256","Smoker"
"GSM434057","GSM434057","GSE11784","small airways, smoker 271","Smoker"
"GSM434058","GSM434058","GSE11784","small airways, smoker 272","Smoker"
"GSM434059","GSM434059","GSE11784","small airways, smoker 275","Smoker"
"GSM434060","GSM434060","GSE11784","small airways, smoker 302","Smoker"
"GSM434061","GSM434061","GSE11784","small airways, smoker 303","Smoker"
"GSM434062","GSM434062","GSE11784","small airways, smoker 314","Smoker"
"GSM434063","GSM434063","GSE11784","small airways, smoker 317","Smoker"
"GSM434064","GSM434064","GSE11784","small airways, COPD 094_2","Smoker with COPD"
"GSM458579","GSM458579","GSE11784","small airways, non-smoker 132","Healthy Non-Smoker"
"GSM458580","GSM458580","GSE11784","small airways, non-smoker 155","Healthy Non-Smoker"
"GSM458581","GSM458581","GSE11784","small airways, non-smoker 163","Healthy Non-Smoker"
"GSM458582","GSM458582","GSE11784","small airways, non-smoker 169","Healthy Non-Smoker"
"GSM469989","GSM469989","GSE11784","small airways, non-smoker 091","Healthy Non-Smoker"
"GSM469990","GSM469990","GSE11784","small airways, non-smoker 140","Healthy Non-Smoker"
"GSM469991","GSM469991","GSE11784","small airways, non-smoker 147","Healthy Non-Smoker"
"GSM469992","GSM469992","GSE11784","small airways, non-smoker 151","Healthy Non-Smoker"
"GSM469993","GSM469993","GSE11784","small airways, non-smoker 156","Healthy Non-Smoker"
"GSM469994","GSM469994","GSE11784","small airways, non-smoker 175","Healthy Non-Smoker"
"GSM469995","GSM469995","GSE11784","small airways, non-smoker 179","Healthy Non-Smoker"
"GSM469996","GSM469996","GSE11784","small airways, non-smoker 181","Healthy Non-Smoker"
"GSM469997","GSM469997","GSE11784","small airways, non-smoker 193","Healthy Non-Smoker"
"GSM469998","GSM469998","GSE11784","small airways, non-smoker 199","Healthy Non-Smoker"
"GSM469999","GSM469999","GSE11784","small airways, non-smoker 212","Healthy Non-Smoker"
"GSM470000","GSM470000","GSE11784","small airways, smoker 206","Smoker"
"GSM470001","GSM470001","GSE11784","small airways, smoker 215","Smoker"
"GSM470002","GSM470002","GSE11784","small airways, smoker 220","Smoker"
"GSM470003","GSM470003","GSE11784","small airways, smoker 269","Smoker"
"GSM470004","GSM470004","GSE11784","small airways, smoker 276","Smoker"
"GSM470005","GSM470005","GSE11784","small airways, smoker 321","Smoker"
"GSM470006","GSM470006","GSE11784","small airways, smoker 327","Smoker"
"GSM470007","GSM470007","GSE11784","small airways, smoker 328","Smoker"
"GSM470008","GSM470008","GSE11784","small airways, smoker 330","Smoker"
"GSM470009","GSM470009","GSE11784","small airways, smoker 341","Smoker"
"GSM470010","GSM470010","GSE11784","small airways, smoker 353","Smoker"
"GSM470011","GSM470011","GSE11784","small airways, smoker 354","Smoker"
"GSM470012","GSM470012","GSE11784","small airways, smoker 377","Smoker"
"GSM470013","GSM470013","GSE11784","small airways, smoker 392","Smoker"
"GSM549651","GSM549651","GSE11784","DGM-00167 [gene_expr]","Unknown"
"GSM549667","GSM549667","GSE11784","DGM-10135 [gene_expr]","Unknown"
"GSM549669","GSM549669","GSE11784","DGM-10144 [gene_expr]","Unknown"
"GSM549670","GSM549670","GSE11784","DGM-10130 [gene_expr]","Unknown"
"GSM549672","GSM549672","GSE11784","DGM-01607 [gene_expr]","Unknown"
"GSM549673","GSM549673","GSE11784","DGM-01737 [gene_expr]","Unknown"
"GSM549674","GSM549674","GSE11784","DGM-01749 [gene_expr]","Unknown"
"GSM549675","GSM549675","GSE11784","DGM-01772 [gene_expr]","Unknown"
"GSM549676","GSM549676","GSE11784","DGM-01081 [gene_expr]","Unknown"
"GSM549677","GSM549677","GSE11784","DGM-01827 [gene_expr]","Unknown"
"GSM549678","GSM549678","GSE11784","DGM-02093 [gene_expr]","Unknown"
"GSM549679","GSM549679","GSE11784","DGM-02109 [gene_expr]","Unknown"
"GSM549680","GSM549680","GSE11784","DGM-02124 [gene_expr]","Unknown"
"GSM549782","GSM549782","GSE11784","DGM-00544 [gene_expr]","Unknown"
"GSM219241","GSM219241","GSE13896","alveolar macrophages, non-smoker 001","Healthy Non-Smoker"
"GSM219242","GSM219242","GSE13896","alveolar macrophages, non-smoker 002","Healthy Non-Smoker"
"GSM219243","GSM219243","GSE13896","alveolar macrophages, non-smoker 003","Healthy Non-Smoker"
"GSM219244","GSM219244","GSE13896","alveolar macrophages, non-smoker 005","Healthy Non-Smoker"
"GSM219245","GSM219245","GSE13896","alveolar macrophages, non-smoker 006","Healthy Non-Smoker"
"GSM219246","GSM219246","GSE13896","alveolar macrophages, non-smoker 008","Healthy Non-Smoker"
"GSM219247","GSM219247","GSE13896","alveolar macrophages, non-smoker 013","Healthy Non-Smoker"
"GSM219248","GSM219248","GSE13896","alveolar macrophages, non-smoker 014","Healthy Non-Smoker"
"GSM219249","GSM219249","GSE13896","alveolar macrophages, non-smoker 019","Healthy Non-Smoker"
"GSM219250","GSM219250","GSE13896","alveolar macrophages, non-smoker 021","Healthy Non-Smoker"
"GSM219251","GSM219251","GSE13896","alveolar macrophages, non-smoker 035","Healthy Non-Smoker"
"GSM219252","GSM219252","GSE13896","alveolar macrophages, smoker 001","Smoker"
"GSM219253","GSM219253","GSE13896","alveolar macrophages, smoker 002","Smoker"
"GSM219254","GSM219254","GSE13896","alveolar macrophages, smoker 023","Smoker"
"GSM219256","GSM219256","GSE13896","alveolar macrophages, smoker 027","Smoker"
"GSM219257","GSM219257","GSE13896","alveolar macrophages, smoker 033","Smoker"
"GSM219258","GSM219258","GSE13896","alveolar macrophages, smoker 040","Smoker"
"GSM219259","GSM219259","GSE13896","alveolar macrophages, smoker 041","Smoker"
"GSM219260","GSM219260","GSE13896","alveolar macrophages, smoker 044","Smoker"
"GSM219261","GSM219261","GSE13896","alveolar macrophages, smoker 057","Smoker"
"GSM219262","GSM219262","GSE13896","alveolar macrophages, smoker 058","Smoker"
"GSM219263","GSM219263","GSE13896","alveolar macrophages, smoker 063","Smoker"
"GSM219264","GSM219264","GSE13896","alveolar macrophages, smoker 069","Smoker"
"GSM349912","GSM349912","GSE13896","alveolar macrophages, non-smoker 022","Healthy Non-Smoker"
"GSM349913","GSM349913","GSE13896","alveolar macrophages, non-smoker 023","Healthy Non-Smoker"
"GSM349914","GSM349914","GSE13896","alveolar macrophages, non-smoker 029","Healthy Non-Smoker"
"GSM349915","GSM349915","GSE13896","alveolar macrophages, non-smoker 042","Healthy Non-Smoker"
"GSM349916","GSM349916","GSE13896","alveolar macrophages, non-smoker 045","Healthy Non-Smoker"
"GSM349917","GSM349917","GSE13896","alveolar macrophages, non-smoker 059","Healthy Non-Smoker"
"GSM349918","GSM349918","GSE13896","alveolar macrophages, non-smoker 059_089","Healthy Non-Smoker"
"GSM349919","GSM349919","GSE13896","alveolar macrophages, non-smoker 060","Healthy Non-Smoker"
"GSM349920","GSM349920","GSE13896","alveolar macrophages, non-smoker 064","Healthy Non-Smoker"
"GSM349921","GSM349921","GSE13896","alveolar macrophages, non-smoker 066","Healthy Non-Smoker"
"GSM349922","GSM349922","GSE13896","alveolar macrophages, non-smoker 071","Healthy Non-Smoker"
"GSM349923","GSM349923","GSE13896","alveolar macrophages, non-smoker 076","Healthy Non-Smoker"
"GSM349924","GSM349924","GSE13896","alveolar macrophages, non-smoker 083","Healthy Non-Smoker"
"GSM349925","GSM349925","GSE13896","alveolar macrophages, smoker 087","Smoker"
"GSM349926","GSM349926","GSE13896","alveolar macrophages, smoker 094","Smoker"
"GSM349927","GSM349927","GSE13896","alveolar macrophages, smoker 103","Smoker"
"GSM349928","GSM349928","GSE13896","alveolar macrophages, smoker 112","Smoker"
"GSM349929","GSM349929","GSE13896","alveolar macrophages, smoker 114","Smoker"
"GSM349930","GSM349930","GSE13896","alveolar macrophages, smoker 119","Smoker"
"GSM349931","GSM349931","GSE13896","alveolar macrophages, smoker 120","Smoker"
"GSM349932","GSM349932","GSE13896","alveolar macrophages, smoker 122","Smoker"
"GSM349933","GSM349933","GSE13896","alveolar macrophages, smoker 125","Smoker"
"GSM349934","GSM349934","GSE13896","alveolar macrophages, smoker 129","Smoker"
"GSM349935","GSM349935","GSE13896","alveolar macrophages, smoker 130","Smoker"
"GSM349936","GSM349936","GSE13896","alveolar macrophages, smoker 134","Smoker"
"GSM349937","GSM349937","GSE13896","alveolar macrophages, smoker 136","Smoker"
"GSM349938","GSM349938","GSE13896","alveolar macrophages, smoker 155","Smoker"
"GSM349939","GSM349939","GSE13896","alveolar macrophages, smoker 159","Smoker"
"GSM349940","GSM349940","GSE13896","alveolar macrophages, smoker 161","Smoker"
"GSM349941","GSM349941","GSE13896","alveolar macrophages, smoker 164","Smoker"
"GSM349942","GSM349942","GSE13896","alveolar macrophages, smoker 177","Smoker"
"GSM349943","GSM349943","GSE13896","alveolar macrophages, smoker 183","Smoker"
"GSM349944","GSM349944","GSE13896","alveolar macrophages, smoker 195","Smoker"
"GSM349945","GSM349945","GSE13896","alveolar macrophages, smoker 206","Smoker"
"GSM349946","GSM349946","GSE13896","alveolar macrophages, smoker 230","Smoker"
"GSM349947","GSM349947","GSE13896","alveolar macrophages, COPD 008","Smoker with COPD"
"GSM349948","GSM349948","GSE13896","alveolar macrophages, COPD 036","Smoker with COPD"
"GSM349949","GSM349949","GSE13896","alveolar macrophages, COPD 044","Smoker with COPD"
"GSM349950","GSM349950","GSE13896","alveolar macrophages, COPD 047","Smoker with COPD"
"GSM349951","GSM349951","GSE13896","alveolar macrophages, COPD 059","Smoker with COPD"
"GSM349952","GSM349952","GSE13896","alveolar macrophages, COPD 068","Smoker with COPD"
"GSM349953","GSM349953","GSE13896","alveolar macrophages, COPD 089","Smoker with COPD"
"GSM349954","GSM349954","GSE13896","alveolar macrophages, COPD 103","Smoker with COPD"
"GSM349955","GSM349955","GSE13896","alveolar macrophages, COPD 119","Smoker with COPD"
"GSM349956","GSM349956","GSE13896","alveolar macrophages, COPD 132","Smoker with COPD"
"GSM349957","GSM349957","GSE13896","alveolar macrophages, COPD 136","Smoker with COPD"
"GSM349958","GSM349958","GSE13896","alveolar macrophages, COPD 147","Smoker with COPD"
"GSM101095","GSM101095","GSE11906","small airways, non-smoker 001, RMA and MAS","Healthy Non-Smoker"
"GSM101096...243","GSM101096","GSE11906","small airways, non-smoker 004, RMA and MAS","Healthy Non-Smoker"
"GSM101097...244","GSM101097","GSE11906","small airways, non-smoker 002, RMA and MAS","Healthy Non-Smoker"
"GSM101098...245","GSM101098","GSE11906","small airways, non-smoker 003, RMA and MAS","Healthy Non-Smoker"
"GSM101100...246","GSM101100","GSE11906","small airways, non-smoker 006, RMA and MAS","Healthy Non-Smoker"
"GSM101101...247","GSM101101","GSE11906","small airways, non-smoker 021, RMA and MAS","Healthy Non-Smoker"
"GSM101102...248","GSM101102","GSE11906","small airways, non-smoker 019, RMA and MAS","Healthy Non-Smoker"
"GSM101103...249","GSM101103","GSE11906","small airways, non-smoker 014, RMA and MAS","Healthy Non-Smoker"
"GSM101104...250","GSM101104","GSE11906","small airways, non-smoker 008, RMA and MAS","Healthy Non-Smoker"
"GSM101105...251","GSM101105","GSE11906","small airways, non-smoker 015, RMA and MAS","Healthy Non-Smoker"
"GSM101106...252","GSM101106","GSE11906","small airways, non-smoker 005, RMA and MAS","Healthy Non-Smoker"
"GSM101108","GSM101108","GSE11906","small airways, smoker 003, RMA and MAS","Smoker"
"GSM101109","GSM101109","GSE11906","small airways, smoker 027, RMA and MAS","Smoker"
"GSM101110","GSM101110","GSE11906","small airways, smoker 033, RMA and MAS","Smoker"
"GSM101111...256","GSM101111","GSE11906","small airways, smoker 001, RMA and MAS","Smoker"
"GSM101112","GSM101112","GSE11906","small airways, smoker 023, RMA and MAS","Smoker"
"GSM101113...258","GSM101113","GSE11906","small airways, smoker 048, RMA and MAS","Smoker"
"GSM101114...259","GSM101114","GSE11906","small airways, smoker 041, RMA and MAS","Smoker"
"GSM101115...260","GSM101115","GSE11906","small airways, smoker 044, RMA and MAS","Smoker"
"GSM101116...261","GSM101116","GSE11906","small airways, smoker 049, RMA and MAS","Smoker"
"GSM114089...262","GSM114089","GSE11906","small airways, smoker 058, MAS5","Smoker"
"GSM114090...263","GSM114090","GSE11906","small airways, smoker 063, MAS5","Smoker"
"GSM114092","GSM114092","GSE11906","small airways, COPD 008, MAS5","Smoker with COPD"
"GSM114094","GSM114094","GSE11906","small airways, COPD 015, MAS5","Smoker with COPD"
"GSM114095","GSM114095","GSE11906","small airways, COPD 020, MAS5","Smoker with COPD"
"GSM114107","GSM114107","GSE11906","large airways, non-smoker 005, MAS5","Healthy Non-Smoker"
"GSM114108","GSM114108","GSE11906","large airways, non-smoker 008, MAS5","Healthy Non-Smoker"
"GSM114109","GSM114109","GSE11906","large airways, non-smoker 030, MAS5","Healthy Non-Smoker"
"GSM114110","GSM114110","GSE11906","large airways, smoker 002, MAS5","Smoker"
"GSM114112","GSM114112","GSE11906","large airways, smoker 023, MAS5","Smoker"
"GSM114114","GSM114114","GSE11906","large airways, smoker 049, MAS5","Smoker"
"GSM190149...273","GSM190149","GSE11906","Small airways, non-smoker 011","Healthy Non-Smoker"
"GSM190150...274","GSM190150","GSE11906","Small airways, non-smoker 029","Healthy Non-Smoker"
"GSM190151...275","GSM190151","GSE11906","small airways, non-smoker 034","Healthy Non-Smoker"
"GSM190152","GSM190152","GSE11906","Small airways, non-smoker 035","Healthy Non-Smoker"
"GSM190153...277","GSM190153","GSE11906","Small airways, non-smoker 036","Healthy Non-Smoker"
"GSM190155...278","GSM190155","GSE11906","Small airways, non-smoker 042","Healthy Non-Smoker"
"GSM190156...279","GSM190156","GSE11906","small airways, non-smoker 044","Healthy Non-Smoker"
"GSM252799","GSM252799","GSE11906","large airways, non-smoker 002","Healthy Non-Smoker"
"GSM252803","GSM252803","GSE11906","large airways, non-smoker 011","Healthy Non-Smoker"
"GSM252805","GSM252805","GSE11906","large airways, non-smoker 035","Healthy Non-Smoker"
"GSM252806","GSM252806","GSE11906","large airways, non-smoker 042","Healthy Non-Smoker"
"GSM252807","GSM252807","GSE11906","large airways, non-smoker 044","Healthy Non-Smoker"
"GSM252811","GSM252811","GSE11906","large airways, smoker 025","Smoker"
"GSM252813","GSM252813","GSE11906","large airways, smoker 057","Smoker"
"GSM252814","GSM252814","GSE11906","large airways, smoker 058","Smoker"
"GSM252815","GSM252815","GSE11906","large airways, smoker 063","Smoker"
"GSM252816","GSM252816","GSE11906","large airways, smoker 069","Smoker"
"GSM252817","GSM252817","GSE11906","large airways, smoker 074","Smoker"
"GSM252818","GSM252818","GSE11906","large airways, smoker 093","Smoker"
"GSM252819","GSM252819","GSE11906","large airways, smoker 094","Smoker"
"GSM252820","GSM252820","GSE11906","large airways, smoker 095","Smoker"
"GSM252822","GSM252822","GSE11906","large airways, smoker 098","Smoker"
"GSM252823","GSM252823","GSE11906","large airways, smoker 102","Smoker"
"GSM252824","GSM252824","GSE11906","large airways, smoker 103","Smoker"
"GSM252825","GSM252825","GSE11906","large airways, smoker 112","Smoker"
"GSM252826","GSM252826","GSE11906","large airways, smoker 114","Smoker"
"GSM252827","GSM252827","GSE11906","large airways, smoker 119","Smoker"
"GSM252830...300","GSM252830","GSE11906","small airways, COPD 014","Smoker with COPD"
"GSM252833...301","GSM252833","GSE11906","small airways, COPD 036","Smoker with COPD"
"GSM252834","GSM252834","GSE11906","small airways, COPD 044","Smoker with COPD"
"GSM252835...303","GSM252835","GSE11906","small airways, COPD 046","Smoker with COPD"
"GSM252836...304","GSM252836","GSE11906","small airways, COPD 059","Smoker with COPD"
"GSM252837...305","GSM252837","GSE11906","small airways, COPD 068","Smoker with COPD"
"GSM252838...306","GSM252838","GSE11906","small airways, COPD 074","Smoker with COPD"
"GSM252839...307","GSM252839","GSE11906","small airways, COPD 080","Smoker with COPD"
"GSM252840","GSM252840","GSE11906","small airways, COPD 094","Smoker with COPD"
"GSM252841...309","GSM252841","GSE11906","small airways, COPD 103","Smoker with COPD"
"GSM252842","GSM252842","GSE11906","small airways, early-COPD 001","Smoker with COPD"
"GSM252843","GSM252843","GSE11906","small airways, early-COPD 009","Smoker with COPD"
"GSM252844","GSM252844","GSE11906","small airways, early-COPD 012","Smoker with COPD"
"GSM252845","GSM252845","GSE11906","small airways, early-COPD 021","Smoker with COPD"
"GSM252846","GSM252846","GSE11906","small airways, early-COPD 037","Smoker with COPD"
"GSM252847","GSM252847","GSE11906","small airways, early-COPD 045","Smoker with COPD"
"GSM252848","GSM252848","GSE11906","small airways, early-COPD 053","Smoker with COPD"
"GSM252849","GSM252849","GSE11906","small airways, early-COPD 054","Smoker with COPD"
"GSM252850","GSM252850","GSE11906","small airways, early-COPD 064","Smoker with COPD"
"GSM252851","GSM252851","GSE11906","small airways, early-COPD 086","Smoker with COPD"
"GSM252852","GSM252852","GSE11906","small airways, early-COPD 114","Smoker with COPD"
"GSM252853","GSM252853","GSE11906","small airways, early-COPD 132","Smoker with COPD"
"GSM252854","GSM252854","GSE11906","small airways, early-COPD 145","Smoker with COPD"
"GSM252871...323","GSM252871","GSE11906","small airways, smoker 040","Smoker"
"GSM252876...324","GSM252876","GSE11906","small airways, smoker 057","Smoker"
"GSM252878","GSM252878","GSE11906","small airways, smoker 069","Smoker"
"GSM252879...326","GSM252879","GSE11906","small airways, smoker 074","Smoker"
"GSM252880...327","GSM252880","GSE11906","small airways, smoker 093","Smoker"
"GSM252881...328","GSM252881","GSE11906","small airways, smoker 094","Smoker"
"GSM252882...329","GSM252882","GSE11906","small airways, smoker 095","Smoker"
"GSM252884...330","GSM252884","GSE11906","small airways, smoker 098","Smoker"
"GSM252885...331","GSM252885","GSE11906","small airways, smoker 103","Smoker"
"GSM254149...332","GSM254149","GSE11906","small airways, non-smoker 045","Healthy Non-Smoker"
"GSM254150...333","GSM254150","GSE11906","small airways, non-smoker 059","Healthy Non-Smoker"
"GSM254151...334","GSM254151","GSE11906","small airways, non-smoker 071","Healthy Non-Smoker"
"GSM254152...335","GSM254152","GSE11906","small airways, non-smoker 078","Healthy Non-Smoker"
"GSM254157...336","GSM254157","GSE11906","small airways, smoker 112","Smoker"
"GSM254158...337","GSM254158","GSE11906","small airways, smoker 114","Smoker"
"GSM254159...338","GSM254159","GSE11906","small airways, smoker 119","Smoker"
"GSM254160...339","GSM254160","GSE11906","small airways, smoker 152","Smoker"
"GSM254161...340","GSM254161","GSE11906","small airways, smoker 169","Smoker"
"GSM254163...341","GSM254163","GSE11906","small airways, COPD 024","Smoker with COPD"
"GSM254169...342","GSM254169","GSE11906","small airways, COPD 093","Smoker with COPD"
"GSM254172...343","GSM254172","GSE11906","small airways, COPD 110","Smoker with COPD"
"GSM254173...344","GSM254173","GSE11906","small airways, COPD 114","Smoker with COPD"
"GSM254174...345","GSM254174","GSE11906","small airways, COPD 119","Smoker with COPD"
"GSM254175...346","GSM254175","GSE11906","small airways, COPD 122","Smoker with COPD"
"GSM254176...347","GSM254176","GSE11906","small airways, COPD 134","Smoker with COPD"
"GSM256181","GSM256181","GSE11906","large airways, non-smoker 036","Healthy Non-Smoker"
"GSM256182","GSM256182","GSE11906","large airways, non-smoker 038","Healthy Non-Smoker"
"GSM256183","GSM256183","GSE11906","large airways, non-smoker 040","Healthy Non-Smoker"
"GSM256184","GSM256184","GSE11906","large airways, non-smoker 041","Healthy Non-Smoker"
"GSM256185","GSM256185","GSE11906","large airways, non-smoker 050","Healthy Non-Smoker"
"GSM256186","GSM256186","GSE11906","large airways, non-smoker 047","Healthy Non-Smoker"
"GSM256187","GSM256187","GSE11906","large airways, non-smoker 045","Healthy Non-Smoker"
"GSM256188","GSM256188","GSE11906","large airways, non-smoker 006","Healthy Non-Smoker"
"GSM256189","GSM256189","GSE11906","large airways, non-smoker 065","Healthy Non-Smoker"
"GSM256191","GSM256191","GSE11906","large airways, non-smoker 059","Healthy Non-Smoker"
"GSM256192","GSM256192","GSE11906","large airways, non-smoker 072","Healthy Non-Smoker"
"GSM256193","GSM256193","GSE11906","large airways, non-smoker 078","Healthy Non-Smoker"
"GSM256194","GSM256194","GSE11906","large airways, non-smoker 071","Healthy Non-Smoker"
"GSM256195","GSM256195","GSE11906","large airways, smoker 087","Smoker"
"GSM256196","GSM256196","GSE11906","large airways, smoker 122","Smoker"
"GSM256197","GSM256197","GSE11906","large airways, smoker 120","Smoker"
"GSM256198","GSM256198","GSE11906","large airways, smoker 125","Smoker"
"GSM256199","GSM256199","GSE11906","large airways, smoker 129","Smoker"
"GSM256200","GSM256200","GSE11906","large airways, smoker 090","Smoker"
"GSM256201","GSM256201","GSE11906","large airways, smoker 130","Smoker"
"GSM256202","GSM256202","GSE11906","large airways, smoker 134","Smoker"
"GSM256203","GSM256203","GSE11906","large airways, smoker 127","Smoker"
"GSM256204","GSM256204","GSE11906","large airways, smoker 136","Smoker"
"GSM256205","GSM256205","GSE11906","large airways, smoker 141","Smoker"
"GSM256206","GSM256206","GSE11906","large airways, smoker 040","Smoker"
"GSM256207","GSM256207","GSE11906","large airways, smoker 151","Smoker"
"GSM256208","GSM256208","GSE11906","large airways, smoker 159","Smoker"
"GSM256209","GSM256209","GSE11906","large airways, smoker 169","Smoker"
"GSM256210","GSM256210","GSE11906","large airways, smoker 155","Smoker"
"GSM256211","GSM256211","GSE11906","large airways, smoker 167","Smoker"
"GSM256212","GSM256212","GSE11906","large airways, smoker 161","Smoker"
"GSM298219...379","GSM298219","GSE11906","small airways, non-smoker 039","Healthy Non-Smoker"
"GSM298220...380","GSM298220","GSE11906","small airways, non-smoker 046","Healthy Non-Smoker"
"GSM298221...381","GSM298221","GSE11906","small airways, non-smoker 047","Healthy Non-Smoker"
"GSM298222...382","GSM298222","GSE11906","small airways, non-smoker 048","Healthy Non-Smoker"
"GSM298223...383","GSM298223","GSE11906","small airways, non-smoker 050","Healthy Non-Smoker"
"GSM298224...384","GSM298224","GSE11906","small airways, non-smoker 055","Healthy Non-Smoker"
"GSM298225...385","GSM298225","GSE11906","small airways, non-smoker 065","Healthy Non-Smoker"
"GSM298226...386","GSM298226","GSE11906","small airways, non-smoker 072","Healthy Non-Smoker"
"GSM298227...387","GSM298227","GSE11906","small airways, non-smoker 076","Healthy Non-Smoker"
"GSM298228...388","GSM298228","GSE11906","small airways, non-smoker 080","Healthy Non-Smoker"
"GSM298229...389","GSM298229","GSE11906","small airways, non-smoker 083","Healthy Non-Smoker"
"GSM298230...390","GSM298230","GSE11906","small airways, smoker 087","Smoker"
"GSM298231...391","GSM298231","GSE11906","small airways, smoker 102","Smoker"
"GSM298232...392","GSM298232","GSE11906","small airways, smoker 120","Smoker"
"GSM298233...393","GSM298233","GSE11906","small airways, smoker 122","Smoker"
"GSM298234...394","GSM298234","GSE11906","small airways, smoker 123","Smoker"
"GSM298235...395","GSM298235","GSE11906","small airways, smoker 125","Smoker"
"GSM298236...396","GSM298236","GSE11906","small airways, smoker 129","Smoker"
"GSM298237...397","GSM298237","GSE11906","small airways, smoker 130","Smoker"
"GSM298238...398","GSM298238","GSE11906","small airways, smoker 134","Smoker"
"GSM298239...399","GSM298239","GSE11906","small airways, smoker 136","Smoker"
"GSM298240...400","GSM298240","GSE11906","small airways, smoker 141","Smoker"
"GSM298241...401","GSM298241","GSE11906","small airways, smoker 155","Smoker"
"GSM298242...402","GSM298242","GSE11906","small airways, smoker 159","Smoker"
"GSM298243...403","GSM298243","GSE11906","small airways, smoker 161","Smoker"
"GSM298244...404","GSM298244","GSE11906","small airways, smoker 164","Smoker"
"GSM298245...405","GSM298245","GSE11906","small airways, smoker 167","Smoker"
"GSM298246...406","GSM298246","GSE11906","small airways, smoker 176","Smoker"
"GSM298247...407","GSM298247","GSE11906","small airways, smoker 177","Smoker"
"GSM300859...408","GSM300859","GSE11906","small airways, non-smoker 085","Healthy Non-Smoker"
"GSM300860","GSM300860","GSE11906","small airways, non-smoker 088","Healthy Non-Smoker"
"GSM300861","GSM300861","GSE11906","small airways, smoker 183","Smoker"
"GSM300862","GSM300862","GSE11906","small airways, LODs-025","Smoker"
"GSM300863","GSM300863","GSE11906","small airways, LODs-034","Smoker"
"GSM300864","GSM300864","GSE11906","small airways, LODs-131","Smoker"
"GSM300865","GSM300865","GSE11906","small airways, LODs-164","Smoker"
"GSM300866","GSM300866","GSE11906","small airways, LODs-194","Smoker"
"GSM300867","GSM300867","GSE11906","small airways, LODs-195","Smoker"
"GSM300868","GSM300868","GSE11906","small airways, LODs-204","Smoker"
"GSM300869","GSM300869","GSE11906","small airways, LODs-208","Smoker"
"GSM300870","GSM300870","GSE11906","small airways, LODs-215","Smoker"
"GSM300871","GSM300871","GSE11906","small airways, SYMs-090","Smoker"
"GSM300872","GSM300872","GSE11906","small airways, SYMs-127","Smoker"
"GSM300873","GSM300873","GSE11906","small airways, SYMs-144","Smoker"
"GSM300874","GSM300874","GSE11906","small airways, SYMs-151","Smoker"
"GSM300875","GSM300875","GSE11906","small airways, SYMs-002","Smoker"
"GSM300876","GSM300876","GSE11906","small airways, SYMs-021","Smoker"
"GSM300877","GSM300877","GSE11906","small airways, SYMs-035","Smoker"
"GSM300878","GSM300878","GSE11906","small airways, SYMs-057","Smoker"
"GSM300879","GSM300879","GSE11906","small airways, SYMs-108","Smoker"
"GSM300880","GSM300880","GSE11906","small airways, SYMs-171","Smoker"
"GSM300881","GSM300881","GSE11906","trachea, non-smoker 004","Healthy Non-Smoker"
"GSM300882","GSM300882","GSE11906","trachea, non-smoker 005","Healthy Non-Smoker"
"GSM300883","GSM300883","GSE11906","trachea, non-smoker 011","Healthy Non-Smoker"
"GSM300884","GSM300884","GSE11906","trachea, non-smoker 015","Healthy Non-Smoker"
"GSM300885","GSM300885","GSE11906","trachea, non-smoker 021","Healthy Non-Smoker"
"GSM300886","GSM300886","GSE11906","trachea, non-smoker 022","Healthy Non-Smoker"
"GSM300887","GSM300887","GSE11906","trachea, non-smoker 023","Healthy Non-Smoker"
"GSM300888","GSM300888","GSE11906","trachea, non-smoker 029","Healthy Non-Smoker"
"GSM300889","GSM300889","GSE11906","trachea, non-smoker 036","Healthy Non-Smoker"
"GSM300890","GSM300890","GSE11906","trachea, non-smoker 039","Healthy Non-Smoker"
"GSM300891","GSM300891","GSE11906","trachea, non-smoker 041","Healthy Non-Smoker"
"GSM300892","GSM300892","GSE11906","trachea, non-smoker 046","Healthy Non-Smoker"
"GSM300893","GSM300893","GSE11906","trachea, non-smoker 047","Healthy Non-Smoker"
"GSM300894","GSM300894","GSE11906","trachea, non-smoker 048","Healthy Non-Smoker"
"GSM300895","GSM300895","GSE11906","trachea, non-smoker 050","Healthy Non-Smoker"
"GSM300896","GSM300896","GSE11906","trachea, non-smoker 059","Healthy Non-Smoker"
"GSM300897","GSM300897","GSE11906","trachea, non-smoker 066","Healthy Non-Smoker"
"GSM300898","GSM300898","GSE11906","trachea, smoker 042","Smoker"
"GSM300899","GSM300899","GSE11906","trachea, smoker 044","Smoker"
"GSM300900","GSM300900","GSE11906","trachea, smoker 058","Smoker"
"GSM300901","GSM300901","GSE11906","trachea, smoker 086","Smoker"
"GSM300902","GSM300902","GSE11906","trachea, smoker 087","Smoker"
"GSM300903","GSM300903","GSE11906","trachea, smoker 093","Smoker"
"GSM300904","GSM300904","GSE11906","trachea, smoker 112","Smoker"
"GSM300905","GSM300905","GSE11906","trachea, smoker 120","Smoker"
"GSM300906","GSM300906","GSE11906","trachea, smoker 124","Smoker"
"GSM300907","GSM300907","GSE11906","trachea, smoker 130","Smoker"
"GSM300908","GSM300908","GSE11906","trachea, smoker 134","Smoker"
"GSM300909","GSM300909","GSE11906","trachea, smoker 136","Smoker"
"GSM300910","GSM300910","GSE11906","trachea, smoker 152","Smoker"
"GSM300911","GSM300911","GSE11906","trachea, smoker 164","Smoker"
"GSM300912","GSM300912","GSE11906","trachea, smoker 186","Smoker"
"GSM300913","GSM300913","GSE11906","trachea, SYMs-127","Smoker"
"GSM300914","GSM300914","GSE11906","trachea, SYMs-144","Smoker"
"GSM300915","GSM300915","GSE11906","trachea, SYMs-151","Smoker"
"GSM927630","GSM927630","GSE37768","Lung tissue_NS1","Healthy Non-Smoker"
"GSM927631","GSM927631","GSE37768","Lung tissue_NS2","Healthy Non-Smoker"
"GSM927632","GSM927632","GSE37768","Lung tissue_NS3","Healthy Non-Smoker"
"GSM927633","GSM927633","GSE37768","Lung tissue_NS4","Healthy Non-Smoker"
"GSM927634","GSM927634","GSE37768","Lung tissue_NS5","Healthy Non-Smoker"
"GSM927635","GSM927635","GSE37768","Lung tissue_NS6","Healthy Non-Smoker"
"GSM927636","GSM927636","GSE37768","Lung tissue_NS7","Healthy Non-Smoker"
"GSM927637","GSM927637","GSE37768","Lung tissue_NS8","Healthy Non-Smoker"
"GSM927638","GSM927638","GSE37768","Lung tissue_NS9","Healthy Non-Smoker"
"GSM927639","GSM927639","GSE37768","Lung tissue_S1","Smoker"
"GSM927640","GSM927640","GSE37768","Lung tissue_S2","Smoker"
"GSM927641","GSM927641","GSE37768","Lung tissue_S3","Smoker"
"GSM927642","GSM927642","GSE37768","Lung tissue_S4","Smoker"
"GSM927643","GSM927643","GSE37768","Lung tissue_S5","Smoker"
"GSM927644","GSM927644","GSE37768","Lung tissue_S6","Smoker"
"GSM927645","GSM927645","GSE37768","Lung tissue_S7","Smoker"
"GSM927646","GSM927646","GSE37768","Lung tissue_S8","Smoker"
"GSM927647","GSM927647","GSE37768","Lung tissue_S9","Smoker"
"GSM927648","GSM927648","GSE37768","Lung tissue_S10","Smoker"
"GSM927649","GSM927649","GSE37768","Lung tissue_S11","Smoker"
"GSM927650","GSM927650","GSE37768","Lung tissue_COPD1","Smoker with COPD"
"GSM927651","GSM927651","GSE37768","Lung tissue_COPD2","Smoker with COPD"
"GSM927652","GSM927652","GSE37768","Lung tissue_COPD3","Smoker with COPD"
"GSM927653","GSM927653","GSE37768","Lung tissue_COPD4","Smoker with COPD"
"GSM927654","GSM927654","GSE37768","Lung tissue_COPD5","Smoker with COPD"
"GSM927655","GSM927655","GSE37768","Lung tissue_COPD6","Smoker with COPD"
"GSM927656","GSM927656","GSE37768","Lung tissue_COPD7","Smoker with COPD"
"GSM927657","GSM927657","GSE37768","Lung tissue_COPD8","Smoker with COPD"
"GSM927658","GSM927658","GSE37768","Lung tissue_COPD9","Smoker with COPD"
"GSM927659","GSM927659","GSE37768","Lung tissue_COPD10","Smoker with COPD"
"GSM927660","GSM927660","GSE37768","Lung tissue_COPD11","Smoker with COPD"
"GSM927661","GSM927661","GSE37768","Lung tissue_COPD12","Smoker with COPD"
"GSM927662","GSM927662","GSE37768","Lung tissue_COPD13","Smoker with COPD"
"GSM927663","GSM927663","GSE37768","Lung tissue_COPD14","Smoker with COPD"
"GSM927664","GSM927664","GSE37768","Lung tissue_COPD15","Smoker with COPD"
"GSM927665","GSM927665","GSE37768","Lung tissue_COPD16","Smoker with COPD"
"GSM927666","GSM927666","GSE37768","Lung tissue_COPD17","Smoker with COPD"
"GSM927667","GSM927667","GSE37768","Lung tissue_COPD18","Smoker with COPD"
"GSM3756336","GSM3756336","GSE130928","AMs, COPDs, DGM-00050_am","Smoker with COPD"
"GSM3756337","GSM3756337","GSE130928","AMs, COPDs, DGM-00262_am","Smoker with COPD"
"GSM3756338","GSM3756338","GSE130928","AMs, COPDs, DGM-01355_am","Smoker with COPD"
"GSM3756339","GSM3756339","GSE130928","AMs, COPDs, DGM-10130_am","Smoker with COPD"
"GSM3756340","GSM3756340","GSE130928","AMs, COPDs, DGM-10406_am","Smoker with COPD"
"GSM3756341","GSM3756341","GSE130928","AMs, COPDs, DGM-00197_am","Smoker with COPD"
"GSM3756342","GSM3756342","GSE130928","AMs, COPDs, DGM-00740_am","Smoker with COPD"
"GSM3756343","GSM3756343","GSE130928","AMs, COPDs, DGM-00028_am","Smoker with COPD"
"GSM3756344","GSM3756344","GSE130928","AMs, COPDs, DGM-00061_am","Smoker with COPD"
"GSM3756345","GSM3756345","GSE130928","AMs, COPDs, DGM-00167_am","Smoker with COPD"
"GSM3756346","GSM3756346","GSE130928","AMs, COPDs, DGM-00313_am","Smoker with COPD"
"GSM3756347","GSM3756347","GSE130928","AMs, COPDs, DGM-00420_am","Smoker with COPD"
"GSM3756348","GSM3756348","GSE130928","AMs, COPDs, DGM-00760_am","Smoker with COPD"
"GSM3756349","GSM3756349","GSE130928","AMs, COPDs, DGM-01275_am","Smoker with COPD"
"GSM3756350","GSM3756350","GSE130928","AMs, COPDs, DGM-01357_am","Smoker with COPD"
"GSM3756351","GSM3756351","GSE130928","AMs, COPDs, DGM-10131_am","Smoker with COPD"
"GSM3756352","GSM3756352","GSE130928","AMs, COPDs, DGM-10132_am","Smoker with COPD"
"GSM3756353","GSM3756353","GSE130928","AMs, COPDs, DGM-10144_am","Smoker with COPD"
"GSM3756354","GSM3756354","GSE130928","AMs, COPDs, DGM-10133_am","Smoker with COPD"
"GSM3756355","GSM3756355","GSE130928","AMs, COPDs, DGM-10135_am","Smoker with COPD"
"GSM3756356","GSM3756356","GSE130928","AMs, COPDs, DGM-00512_am","Smoker with COPD"
"GSM3756357","GSM3756357","GSE130928","AMs, COPDs, DGM-00683_am","Smoker with COPD"
"GSM3756358","GSM3756358","GSE130928","AMs, NS, DGM-00035_am","Healthy Non-Smoker"
"GSM3756359","GSM3756359","GSE130928","AMs, NS, DGM-00084_am","Healthy Non-Smoker"
"GSM3756360","GSM3756360","GSE130928","AMs, NS, DGM-00529_am","Healthy Non-Smoker"
"GSM3756361","GSM3756361","GSE130928","AMs, NS, DGM-00795_am","Healthy Non-Smoker"
"GSM3756362","GSM3756362","GSE130928","AMs, NS, DGM-00897_am","Healthy Non-Smoker"
"GSM3756363","GSM3756363","GSE130928","AMs, NS, DGM-00029_am","Healthy Non-Smoker"
"GSM3756364","GSM3756364","GSE130928","AMs, NS, DGM-00041_am","Healthy Non-Smoker"
"GSM3756365","GSM3756365","GSE130928","AMs, NS, DGM-00044_am","Healthy Non-Smoker"
"GSM3756366","GSM3756366","GSE130928","AMs, NS, DGM-00123_am","Healthy Non-Smoker"
"GSM3756367","GSM3756367","GSE130928","AMs, NS, DGM-00465_am","Healthy Non-Smoker"
"GSM3756368","GSM3756368","GSE130928","AMs, NS, DGM-00661_am","Healthy Non-Smoker"
"GSM3756369","GSM3756369","GSE130928","AMs, NS, DGM-00696_am","Healthy Non-Smoker"
"GSM3756370","GSM3756370","GSE130928","AMs, NS, DGM-00757_am","Healthy Non-Smoker"
"GSM3756371","GSM3756371","GSE130928","AMs, NS, DGM-00904_am","Healthy Non-Smoker"
"GSM3756372","GSM3756372","GSE130928","AMs, NS, DGM-00936_am","Healthy Non-Smoker"
"GSM3756373","GSM3756373","GSE130928","AMs, NS, DGM-00078_am","Healthy Non-Smoker"
"GSM3756374","GSM3756374","GSE130928","AMs, NS, DGM-00030_am","Healthy Non-Smoker"
"GSM3756375","GSM3756375","GSE130928","AMs, NS, DGM-00052_am","Healthy Non-Smoker"
"GSM3756376","GSM3756376","GSE130928","AMs, NS, DGM-00069_am","Healthy Non-Smoker"
"GSM3756377","GSM3756377","GSE130928","AMs, NS, DGM-00082_am","Healthy Non-Smoker"
"GSM3756378","GSM3756378","GSE130928","AMs, NS, DGM-00249_am","Healthy Non-Smoker"
"GSM3756379","GSM3756379","GSE130928","AMs, NS, DGM-00066_am","Healthy Non-Smoker"
"GSM3756380","GSM3756380","GSE130928","AMs, NS, DGM-00080_am","Healthy Non-Smoker"
"GSM3756381","GSM3756381","GSE130928","AMs, NS, DGM-00774_am","Healthy Non-Smoker"
"GSM3756382","GSM3756382","GSE130928","AMs, S, DGM-00004_am","Smoker"
"GSM3756383","GSM3756383","GSE130928","AMs, S, DGM-00224_am","Smoker"
"GSM3756384","GSM3756384","GSE130928","AMs, S, DGM-00537_am","Smoker"
"GSM3756385","GSM3756385","GSE130928","AMs, S, DGM-00599_am","Smoker"
"GSM3756386","GSM3756386","GSE130928","AMs, S, DGM-00708_am","Smoker"
"GSM3756387","GSM3756387","GSE130928","AMs, S, DGM-00732_am","Smoker"
"GSM3756388","GSM3756388","GSE130928","AMs, S, DGM-01089_am","Smoker"
"GSM3756389","GSM3756389","GSE130928","AMs, S, DGM-01107_am","Smoker"
"GSM3756390","GSM3756390","GSE130928","AMs, S, DGM-00815_am","Smoker"
"GSM3756391","GSM3756391","GSE130928","AMs, S, DGM-00127_am","Smoker"
"GSM3756392","GSM3756392","GSE130928","AMs, S, DGM-00205_am","Smoker"
"GSM3756393","GSM3756393","GSE130928","AMs, S, DGM-00273_am","Smoker"
"GSM3756394","GSM3756394","GSE130928","AMs, S, DGM-00278_am","Smoker"
"GSM3756395","GSM3756395","GSE130928","AMs, S, DGM-00321_am","Smoker"
"GSM3756396","GSM3756396","GSE130928","AMs, S, DGM-00447_am","Smoker"
"GSM3756397","GSM3756397","GSE130928","AMs, S, DGM-00474_am","Smoker"
"GSM3756398","GSM3756398","GSE130928","AMs, S, DGM-00567_am","Smoker"
"GSM3756399","GSM3756399","GSE130928","AMs, S, DGM-00612_am","Smoker"
"GSM3756400","GSM3756400","GSE130928","AMs, S, DGM-00752_am","Smoker"
"GSM3756401","GSM3756401","GSE130928","AMs, S, DGM-00743_am","Smoker"
"GSM3756402","GSM3756402","GSE130928","AMs, S, DGM-00798_am","Smoker"
"GSM3756403","GSM3756403","GSE130928","AMs, S, DGM-00784_am","Smoker"
"GSM3756404","GSM3756404","GSE130928","AMs, S, DGM-00878_am","Smoker"
"GSM3756405","GSM3756405","GSE130928","AMs, S, DGM-00552_am","Smoker"
"GSM3756406","GSM3756406","GSE130928","AMs, S, DGM-00626_am","Smoker"
"GSM3756407","GSM3756407","GSE130928","AMs, S, DGM-00914_am","Smoker"
"GSM3756408","GSM3756408","GSE130928","AMs, S, DGM-00013_am","Smoker"
"GSM3756409","GSM3756409","GSE130928","AMs, S, DGM-00051_am","Smoker"
"GSM3756410","GSM3756410","GSE130928","AMs, S, DGM-00065_am","Smoker"
"GSM3756411","GSM3756411","GSE130928","AMs, S, DGM-00206_am","Smoker"
"GSM3756412","GSM3756412","GSE130928","AMs, S, DGM-00216_am","Smoker"
"GSM3756413","GSM3756413","GSE130928","AMs, S, DGM-00300_am","Smoker"
"GSM3756414","GSM3756414","GSE130928","AMs, S, DGM-00515_am","Smoker"
"GSM3756415","GSM3756415","GSE130928","AMs, S, DGM-00613_am","Smoker"
"GSM3756416","GSM3756416","GSE130928","AMs, S, DGM-01011_am","Smoker"
"GSM3756417","GSM3756417","GSE130928","AMs, S, DGM-01127_am","Smoker"
"GSM3756418","GSM3756418","GSE130928","AMs, S, DGM-01160_am","Smoker"
"GSM3756419","GSM3756419","GSE130928","AMs, S, DGM-00413_am","Smoker"
"GSM3756420","GSM3756420","GSE130928","AMs, S, DGM-00583_am","Smoker"
"GSM3756421","GSM3756421","GSE130928","AMs, S, DGM-00641_am","Smoker"
"GSM3756422","GSM3756422","GSE130928","AMs, S, DGM-00977_am","Smoker"
"GSM3756423","GSM3756423","GSE130928","AMs, S, DGM-01135_am","Smoker"
